sample,x_in,y_out,mode
5,     0,  1842,0
6,  1842,  3677,0
7,  3677,  5501,0
8,  5501,  7307,0
9,  7307,  9088,0
10,  9088, 10839,0
11, 10839, 12554,0
12, 12554, 14228,0
13, 14228, 15854,0
14, 15854, 17428,0
15, 17428, 18944,0
16, 18944, 20397,0
17, 20397, 21783,0
18, 21783, 23096,0
19, 23096, 24332,0
20, 24332, 25488,0
21, 25488, 26560,0
22, 26560, 27543,0
23, 27543, 28435,0
24, 28435, 29233,0
25, 29233, 29934,0
26, 29934, 30535,0
27, 30535, 31035,0
28, 31035, 31433,0
29, 31433, 31726,0
30, 31726, 31914,0
31, 31914, 31996,0
32, 31996, 31971,0
33, 31971, 31841,0
34, 31841, 31606,0
35, 31606, 31265,0
36, 31265, 30821,0
37, 30821, 30274,0
38, 30274, 29627,0
39, 29627, 28882,0
40, 28882, 28041,0
41, 28041, 27107,0
42, 27107, 26084,0
43, 26084, 24973,0
44, 24973, 23780,0
45, 23780, 22508,0
46, 22508, 21161,0
47, 21161, 19745,0
48, 19745, 18262,0
49, 18262, 16719,0
50, 16719, 15121,0
51, 15121, 13473,0
52, 13473, 11779,0
53, 11779, 10047,0
54, 10047,  8282,0
55,  8282,  6489,0
56,  6489,  4674,0
57,  4674,  2844,0
58,  2844,  1005,0
59,  1005,  -837,0
60,  -837, -2677,0
61, -2677, -4508,0
62, -4508, -6325,0
63, -6325, -8120,0
64, -8120, -9888,0
65, -9888,-11624,0
66,-11624,-13320,0
67,-13320,-14973,0
68,-14973,-16576,0
69,-16576,-18124,0
70,-18124,-19613,0
71,-19613,-21036,0
72,-21036,-22389,0
73,-22389,-23668,0
74,-23668,-24868,0
75,-24868,-25986,0
76,-25986,-27018,0
77,-27018,-27960,0
78,-27960,-28810,0
79,-28810,-29564,0
80,-29564,-30220,0
81,-30220,-30775,0
82,-30775,-31229,0
83,-31229,-31579,0
84,-31579,-31824,0
85,-31824,-31964,0
86,-31964,-31998,0
87,-31998,-31925,0
88,-31925,-31747,0
89,-31747,-31464,0
90,-31464,-31076,0
91,-31076,-30585,0
92,-30585,-29993,0
93,-29993,-29301,0
94,-29301,-28512,0
95,-28512,-27628,0
96,-27628,-26653,0
97,-26653,-25589,0
98,-25589,-24441,0
99,-24441,-23211,0
100,-23211,-21905,0
101,-21905,-20526,0
102,-20526,-19079,0
103,-19079,-17568,0
104,-17568,-16000,0
105,-16000,-14378,0
106,-14378,-12708,0
107,-12708,-10997,0
108,-10997, -9249,0
109, -9249, -7470,0
110, -7470, -5666,0
111, -5666, -3844,0
112, -3844, -2009,0
113, -2009,  -167,0
114,  -167,  1674,0
115,  1674,  3511,0
116,  3511,  5336,0
117,  5336,  7144,0
118,  7144,  8927,0
119,  8927, 10681,0
120, 10681, 12400,0
121, 12400, 14078,0
122, 14078, 15708,0
123, 15708, 17287,0
124, 17287, 18809,0
125, 18809, 20268,0
126, 20268, 21660,0
127, 21660, 22980,0
128, 22980, 24223,0
129, 24223, 25387,0
130, 25387, 26466,0
131, 26466, 27458,0
132, 27458, 28358,0
133, 28358, 29164,0
134, 29164, 29874,0
135, 29874, 30485,0
136, 30485, 30994,0
137, 30994, 31401,0
138, 31401, 31703,0
139, 31703, 31901,0
140, 31901, 31992,0
141, 31992, 31978,0
142, 31978, 31857,0
143, 31857, 31631,0
144, 31631, 31300,0
145, 31300, 30865,0
146, 30865, 30328,0
147, 30328, 29690,0
148, 29690, 28954,0
149, 28954, 28122,0
150, 28122, 27196,0
151, 27196, 26180,0
152, 26180, 25078,0
153, 25078, 23892,0
154, 23892, 22627,0
155, 22627, 21287,0
156, 21287, 19876,0
157, 19876, 18400,0
158, 18400, 16862,0
159, 16862, 15269,0
160, 15269, 13624,0
161, 13624, 11935,0
162, 11935, 10206,0
163, 10206,  8443,0
164,  8443,  6653,0
165,  6653,  4840,0
166,  4840,  3011,0
167,  3011,  1172,0
168,  1172,  -670,0
169,  -670, -2510,0
170, -2510, -4342,0
171, -4342, -6160,0
172, -6160, -7958,0
173, -7958, -9729,0
174, -9729,-11467,0
175,-11467,-13168,0
176,-13168,-14825,0
177,-14825,-16433,0
178,-16433,-17986,0
179,-17986,-19480,0
180,-19480,-20909,0
181,-20909,-22269,0
182,-22269,-23555,0
183,-23555,-24762,0
184,-24762,-25888,0
185,-25888,-26928,0
186,-26928,-27878,0
187,-27878,-28736,0
188,-28736,-29499,0
189,-29499,-30164,0
190,-30164,-30729,0
191,-30729,-31192,0
192,-31192,-31551,0
193,-31551,-31806,0
194,-31806,-31956,0
195,-31956,-31999,0
196,-31999,-31936,0
197,-31936,-31768,0
198,-31768,-31494,0
199,-31494,-31115,0
200,-31115,-30634,0
201,-30634,-30051,0
202,-30051,-29368,0
203,-29368,-28587,0
204,-28587,-27712,0
205,-27712,-26745,0
206,-26745,-25690,0
207,-25690,-24549,0
208,-24549,-23326,0
209,-23326,-22027,0
210,-22027,-20654,0
211,-20654,-19213,0
212,-19213,-17708,0
213,-17708,-16144,0
214,-16144,-14527,0
215,-14527,-12862,0
216,-12862,-11154,0
217,-11154, -9409,0
218, -9409, -7633,0
219, -7633, -5831,0
220, -5831, -4010,0
221, -4010, -2176,0
222, -2176,  -335,0
223,  -335,  1507,0
224,  1507,  3344,0
225,  3344,  5171,0
226,  5171,  6980,0
227,  6980,  8766,0
228,  8766, 10523,0
229, 10523, 12245,0
230, 12245, 13927,0
231, 13927, 15562,0
232, 15562, 17146,0
233, 17146, 18673,0
234, 18673, 20138,0
235, 20138, 21536,0
236, 21536, 22863,0
237, 22863, 24114,0
238, 24114, 25284,0
239, 25284, 26372,0
240, 26372, 27371,0
241, 27371, 28280,0
242, 28280, 29095,0
243, 29095, 29814,0
244, 29814, 30433,0
245, 30433, 30952,0
246, 30952, 31368,0
247, 31368, 31680,0
248, 31680, 31887,0
249, 31887, 31989,0
250, 31989, 31984,0
251, 31984, 31873,0
252, 31873, 31656,0
253, 31656, 31335,0
254, 31335, 30909,0
255, 30909, 30381,0
256, 30381, 29752,0
257, 29752, 29025,0
258, 29025, 28201,0
259, 28201, 27284,0
260, 27284, 26276,0
261, 26276, 25181,0
262, 25181, 24003,0
263, 24003, 22745,0
264, 22745, 21412,0
265, 21412, 20007,0
266, 20007, 18536,0
267, 18536, 17004,0
268, 17004, 15416,0
269, 15416, 13776,0
270, 13776, 12090,0
271, 12090, 10365,0
272, 10365,  8605,0
273,  8605,  6816,0
274,  6816,  5005,0
275,  5005,  3178,0
276,  3178,  1340,0
277,  1340,  -502,0
278,  -502, -2343,0
279, -2343, -4176,0
280, -4176, -5996,0
281, -5996, -7795,0
282, -7795, -9569,0
283, -9569,-11311,0
284,-11311,-13015,0
285,-13015,-14676,0
286,-14676,-16289,0
287,-16289,-17847,0
288,-17847,-19347,0
289,-19347,-20782,0
290,-20782,-22148,0
291,-22148,-23441,0
292,-23441,-24656,0
293,-24656,-25789,0
294,-25789,-26837,0
295,-26837,-27796,0
296,-27796,-28662,0
297,-28662,-29434,0
298,-29434,-30108,0
299,-30108,-30682,0
300,-30682,-31154,0
301,-31154,-31523,0
302,-31523,-31787,0
303,-31787,-31946,0
304,-31946,-31999,0
305,-31999,-31946,0
306,-31946,-31787,0
307,-31787,-31523,0
308,-31523,-31154,0
309,-31154,-30682,0
310,-30682,-30108,0
311,-30108,-29434,0
312,-29434,-28662,0
313,-28662,-27796,0
314,-27796,-26837,0
315,-26837,-25789,0
316,-25789,-24656,0
317,-24656,-23441,0
318,-23441,-22148,0
319,-22148,-20782,0
320,-20782,-19347,0
321,-19347,-17847,0
322,-17847,-16289,0
323,-16289,-14676,0
324,-14676,-13015,0
325,-13015,-11311,0
326,-11311, -9569,0
327, -9569, -7795,0
328, -7795, -5996,0
329, -5996, -4176,0
330, -4176, -2343,0
331, -2343,  -502,0
332,  -502,  1340,0
333,  1340,  3178,0
334,  3178,  5005,0
335,  5005,  6816,0
336,  6816,  8605,0
337,  8605, 10365,0
338, 10365, 12090,0
339, 12090, 13776,0
340, 13776, 15416,0
341, 15416, 17004,0
342, 17004, 18536,0
343, 18536, 20007,0
344, 20007, 21412,0
345, 21412, 22745,0
346, 22745, 24003,0
347, 24003, 25181,0
348, 25181, 26276,0
349, 26276, 27284,0
350, 27284, 28201,0
351, 28201, 29025,0
352, 29025, 29752,0
353, 29752, 30381,0
354, 30381, 30909,0
355, 30909, 31335,0
356, 31335, 31656,0
357, 31656, 31873,0
358, 31873, 31984,0
359, 31984, 31989,0
360, 31989, 31887,0
361, 31887, 31680,0
362, 31680, 31368,0
363, 31368, 30952,0
364, 30952, 30433,0
365, 30433, 29814,0
366, 29814, 29095,0
367, 29095, 28280,0
368, 28280, 27371,0
369, 27371, 26372,0
370, 26372, 25284,0
371, 25284, 24114,0
372, 24114, 22863,0
373, 22863, 21536,0
374, 21536, 20138,0
375, 20138, 18673,0
376, 18673, 17146,0
377, 17146, 15562,0
378, 15562, 13927,0
379, 13927, 12245,0
380, 12245, 10523,0
381, 10523,  8766,0
382,  8766,  6980,0
383,  6980,  5171,0
384,  5171,  3344,0
385,  3344,  1507,0
386,  1507,  -335,0
387,  -335, -2176,0
388, -2176, -4010,0
389, -4010, -5831,0
390, -5831, -7633,0
391, -7633, -9409,0
392, -9409,-11154,0
393,-11154,-12862,0
394,-12862,-14527,0
395,-14527,-16144,0
396,-16144,-17708,0
397,-17708,-19213,0
398,-19213,-20654,0
399,-20654,-22027,0
400,-22027,-23326,0
401,-23326,-24549,0
402,-24549,-25690,0
403,-25690,-26745,0
404,-26745,-27712,0
405,-27712,-28587,0
406,-28587,-29368,0
407,-29368,-30051,0
408,-30051,-30634,0
409,-30634,-31115,0
410,-31115,-31494,0
411,-31494,-31768,0
412,-31768,-31936,0
413,-31936,-31999,0
414,-31999,-31956,0
415,-31956,-31806,0
416,-31806,-31551,0
417,-31551,-31192,0
418,-31192,-30729,0
419,-30729,-30164,0
420,-30164,-29499,0
421,-29499,-28736,0
422,-28736,-27878,0
423,-27878,-26928,0
424,-26928,-25888,0
425,-25888,-24762,0
426,-24762,-23555,0
427,-23555,-22269,0
428,-22269,-20909,0
429,-20909,-19480,0
430,-19480,-17986,0
431,-17986,-16433,0
432,-16433,-14825,0
433,-14825,-13168,0
434,-13168,-11467,0
435,-11467, -9729,0
436, -9729, -7958,0
437, -7958, -6160,0
438, -6160, -4342,0
439, -4342, -2510,0
440, -2510,  -670,0
441,  -670,  1172,0
442,  1172,  3011,0
443,  3011,  4840,0
444,  4840,  6653,0
445,  6653,  8443,0
446,  8443, 10206,0
447, 10206, 11935,0
448, 11935, 13624,0
449, 13624, 15269,0
450, 15269, 16862,0
451, 16862, 18400,0
452, 18400, 19876,0
453, 19876, 21287,0
454, 21287, 22627,0
455, 22627, 23892,0
456, 23892, 25078,0
457, 25078, 26180,0
458, 26180, 27196,0
459, 27196, 28122,0
460, 28122, 28954,0
461, 28954, 29690,0
462, 29690, 30328,0
463, 30328, 30865,0
464, 30865, 31300,0
465, 31300, 31631,0
466, 31631, 31857,0
467, 31857, 31978,0
468, 31978, 31992,0
469, 31992, 31901,0
470, 31901, 31703,0
471, 31703, 31401,0
472, 31401, 30994,0
473, 30994, 30485,0
474, 30485, 29874,0
475, 29874, 29164,0
476, 29164, 28358,0
477, 28358, 27458,0
478, 27458, 26466,0
479, 26466, 25387,0
480, 25387, 24223,0
481, 24223, 22980,0
482, 22980, 21660,0
483, 21660, 20268,0
484, 20268, 18809,0
485, 18809, 17287,0
486, 17287, 15708,0
487, 15708, 14078,0
488, 14078, 12400,0
489, 12400, 10681,0
490, 10681,  8927,0
491,  8927,  7144,0
492,  7144,  5336,0
493,  5336,  3511,0
494,  3511,  1674,0
495,  1674,  -167,0
496,  -167, -2009,0
497, -2009, -3844,0
498, -3844, -5666,0
499, -5666, -7470,0
500, -7470, -9249,0
501, -9249,-10997,0
502,-10997,-12708,0
503,-12708,-14378,0
504,-14378,-15999,0
505,-15999,-17568,0
506,-17568,-19079,0
507,-19079,-20526,0
508,-20526,-21905,0
509,-21905,-23211,0
510,-23211,-24441,0
511,-24441,-25589,0
512,-25589,-26653,0
513,-26653,-27628,0
514,-27628,-28512,0
515,-28512,-29301,0
516,-29301,-29993,0
517,-29993,-30585,0
518,-30585,-31076,0
519,-31076,-31464,0
520,-31464,-31747,0
521,-31747,-31925,0
522,-31925,-31998,0
523,-31998,-31964,0
524,-31964,-31824,0
525,-31824,-31579,0
526,-31579,-31229,0
527,-31229,-30775,0
528,-30775,-30220,0
529,-30220,-29564,0
530,-29564,-28810,0
531,-28810,-27960,0
532,-27960,-27018,0
533,-27018,-25986,0
534,-25986,-24868,0
535,-24868,-23668,0
536,-23668,-22389,0
537,-22389,-21036,0
538,-21036,-19613,0
539,-19613,-18125,0
540,-18125,-16576,0
541,-16576,-14973,0
542,-14973,-13320,0
543,-13320,-11624,0
544,-11624, -9888,0
545, -9888, -8120,0
546, -8120, -6325,0
547, -6325, -4508,0
548, -4508, -2677,0
549, -2677,  -837,0
550,  -837,  1005,0
551,  1005,  2844,0
552,  2844,  4674,0
553,  4674,  6489,0
554,  6489,  8282,0
555,  8282, 10047,0
556, 10047, 11779,0
557, 11779, 13473,0
558, 13473, 15121,0
559, 15121, 16719,0
560, 16719, 18262,0
561, 18262, 19745,0
562, 19745, 21161,0
563, 21161, 22508,0
564, 22508, 23780,0
565, 23780, 24973,0
566, 24973, 26084,0
567, 26084, 27107,0
568, 27107, 28041,0
569, 28041, 28882,0
570, 28882, 29627,0
571, 29627, 30274,0
572, 30274, 30821,0
573, 30821, 31265,0
574, 31265, 31606,0
575, 31606, 31841,0
576, 31841, 31971,0
577, 31971, 31996,0
578, 31996, 31914,0
579, 31914, 31726,0
580, 31726, 31433,0
581, 31433, 31035,0
582, 31035, 30535,0
583, 30535, 29934,0
584, 29934, 29233,0
585, 29233, 28435,0
586, 28435, 27543,0
587, 27543, 26560,0
588, 26560, 25488,0
589, 25488, 24332,0
590, 24332, 23096,0
591, 23096, 21783,0
592, 21783, 20397,0
593, 20397, 18944,0
594, 18944, 17428,0
595, 17428, 15854,0
596, 15854, 14228,0
597, 14228, 12554,0
598, 12554, 10839,0
599, 10839,  9088,0
600,  9088,  7307,0
601,  7307,  5501,0
602,  5501,  3677,0
603,  3677,  1842,0
604,  1842,     0,0
605,     0, -1842,0
606, -1842, -3677,0
607, -3677, -5501,0
608, -5501, -7307,0
609, -7307, -9088,0
610, -9088,-10839,0
611,-10839,-12554,0
612,-12554,-14228,0
613,-14228,-15854,0
614,-15854,-17428,0
615,-17428,-18944,0
616,-18944,-20397,0
617,-20397,-21783,0
618,-21783,-23096,0
619,-23096,-24332,0
620,-24332,-25488,0
621,-25488,-26560,0
622,-26560,-27543,0
623,-27543,-28435,0
624,-28435,-29233,0
625,-29233,-29934,0
626,-29934,-30535,0
627,-30535,-31035,0
628,-31035,-31433,0
629,-31433,-31726,0
630,-31726,-31914,0
631,-31914,-31996,0
632,-31996,-31971,0
633,-31971,-31841,0
634,-31841,-31606,0
635,-31606,-31265,0
636,-31265,-30821,0
637,-30821,-30274,0
638,-30274,-29627,0
639,-29627,-28882,0
640,-28882,-28041,0
641,-28041,-27107,0
642,-27107,-26084,0
643,-26084,-24973,0
644,-24973,-23780,0
645,-23780,-22508,0
646,-22508,-21161,0
647,-21161,-19745,0
648,-19745,-18262,0
649,-18262,-16719,0
650,-16719,-15121,0
651,-15121,-13473,0
652,-13473,-11779,0
653,-11779,-10047,0
654,-10047, -8282,0
655, -8282, -6489,0
656, -6489, -4674,0
657, -4674, -2844,0
658, -2844, -1005,0
659, -1005,   837,0
660,   837,  2677,0
661,  2677,  4508,0
662,  4508,  6325,0
663,  6325,  8120,0
664,  8120,  9888,0
665,  9888, 11624,0
666, 11624, 13320,0
667, 13320, 14973,0
668, 14973, 16576,0
669, 16576, 18124,0
670, 18124, 19613,0
671, 19613, 21036,0
672, 21036, 22389,0
673, 22389, 23668,0
674, 23668, 24868,0
675, 24868, 25986,0
676, 25986, 27018,0
677, 27018, 27960,0
678, 27960, 28810,0
679, 28810, 29564,0
680, 29564, 30220,0
681, 30220, 30775,0
682, 30775, 31229,0
683, 31229, 31579,0
684, 31579, 31824,0
685, 31824, 31964,0
686, 31964, 31998,0
687, 31998, 31925,0
688, 31925, 31747,0
689, 31747, 31464,0
690, 31464, 31076,0
691, 31076, 30585,0
692, 30585, 29993,0
693, 29993, 29301,0
694, 29301, 28512,0
695, 28512, 27628,0
696, 27628, 26653,0
697, 26653, 25589,0
698, 25589, 24441,0
699, 24441, 23211,0
700, 23211, 21905,0
701, 21905, 20526,0
702, 20526, 19079,0
703, 19079, 17568,0
704, 17568, 16000,0
705, 16000, 14378,0
706, 14378, 12708,0
707, 12708, 10997,0
708, 10997,  9249,0
709,  9249,  7470,0
710,  7470,  5666,0
711,  5666,  3844,0
712,  3844,  2009,0
713,  2009,   167,0
714,   167, -1674,0
715, -1674, -3511,0
716, -3511, -5336,0
717, -5336, -7144,0
718, -7144, -8927,0
719, -8927,-10681,0
720,-10681,-12400,0
721,-12400,-14078,0
722,-14078,-15708,0
723,-15708,-17287,0
724,-17287,-18809,0
725,-18809,-20268,0
726,-20268,-21660,0
727,-21660,-22980,0
728,-22980,-24223,0
729,-24223,-25387,0
730,-25387,-26466,0
731,-26466,-27458,0
732,-27458,-28358,0
733,-28358,-29164,0
734,-29164,-29874,0
735,-29874,-30485,0
736,-30485,-30994,0
737,-30994,-31401,0
738,-31401,-31703,0
739,-31703,-31901,0
740,-31901,-31992,0
741,-31992,-31978,0
742,-31978,-31857,0
743,-31857,-31631,0
744,-31631,-31300,0
745,-31300,-30865,0
746,-30865,-30328,0
747,-30328,-29690,0
748,-29690,-28954,0
749,-28954,-28122,0
750,-28122,-27196,0
751,-27196,-26180,0
752,-26180,-25078,0
753,-25078,-23892,0
754,-23892,-22627,0
755,-22627,-21287,0
756,-21287,-19876,0
757,-19876,-18400,0
758,-18400,-16862,0
759,-16862,-15269,0
760,-15269,-13624,0
761,-13624,-11935,0
762,-11935,-10206,0
763,-10206, -8443,0
764, -8443, -6653,0
765, -6653, -4840,0
766, -4840, -3011,0
767, -3011, -1172,0
768, -1172,   670,0
769,   670,  2510,0
770,  2510,  4342,0
771,  4342,  6160,0
772,  6160,  7958,0
773,  7958,  9729,0
774,  9729, 11467,0
775, 11467, 13168,0
776, 13168, 14825,0
777, 14825, 16433,0
778, 16433, 17986,0
779, 17986, 19480,0
780, 19480, 20909,0
781, 20909, 22269,0
782, 22269, 23555,0
783, 23555, 24762,0
784, 24762, 25888,0
785, 25888, 26928,0
786, 26928, 27878,0
787, 27878, 28736,0
788, 28736, 29499,0
789, 29499, 30164,0
790, 30164, 30729,0
791, 30729, 31192,0
792, 31192, 31551,0
793, 31551, 31806,0
794, 31806, 31956,0
795, 31956, 31999,0
796, 31999, 31936,0
797, 31936, 31768,0
798, 31768, 31494,0
799, 31494, 31115,0
800, 31115, 30634,0
801, 30634, 30051,0
802, 30051, 29368,0
803, 29368, 28587,0
804, 28587, 27712,0
805, 27712, 26745,0
806, 26745, 25690,0
807, 25690, 24549,0
808, 24549, 23326,0
809, 23326, 22027,0
810, 22027, 20654,0
811, 20654, 19213,0
812, 19213, 17708,0
813, 17708, 16144,0
814, 16144, 14527,0
815, 14527, 12862,0
816, 12862, 11154,0
817, 11154,  9409,0
818,  9409,  7633,0
819,  7633,  5831,0
820,  5831,  4010,0
821,  4010,  2176,0
822,  2176,   335,0
823,   335, -1507,0
824, -1507, -3344,0
825, -3344, -5171,0
826, -5171, -6980,0
827, -6980, -8766,0
828, -8766,-10523,0
829,-10523,-12245,0
830,-12245,-13927,0
831,-13927,-15562,0
832,-15562,-17146,0
833,-17146,-18673,0
834,-18673,-20138,0
835,-20138,-21536,0
836,-21536,-22863,0
837,-22863,-24114,0
838,-24114,-25284,0
839,-25284,-26372,0
840,-26372,-27371,0
841,-27371,-28280,0
842,-28280,-29095,0
843,-29095,-29814,0
844,-29814,-30433,0
845,-30433,-30952,0
846,-30952,-31368,0
847,-31368,-31680,0
848,-31680,-31887,0
849,-31887,-31989,0
850,-31989,-31984,0
851,-31984,-31873,0
852,-31873,-31656,0
853,-31656,-31335,0
854,-31335,-30909,0
855,-30909,-30381,0
856,-30381,-29752,0
857,-29752,-29025,0
858,-29025,-28201,0
859,-28201,-27284,0
860,-27284,-26276,0
861,-26276,-25181,0
862,-25181,-24003,0
863,-24003,-22745,0
864,-22745,-21412,0
865,-21412,-20007,0
866,-20007,-18536,0
867,-18536,-17004,0
868,-17004,-15416,0
869,-15416,-13776,0
870,-13776,-12090,0
871,-12090,-10365,0
872,-10365, -8605,0
873, -8605, -6816,0
874, -6816, -5005,0
875, -5005, -3178,0
876, -3178, -1340,0
877, -1340,   502,0
878,   502,  2343,0
879,  2343,  4176,0
880,  4176,  5996,0
881,  5996,  7795,0
882,  7795,  9569,0
883,  9569, 11311,0
884, 11311, 13015,0
885, 13015, 14676,0
886, 14676, 16289,0
887, 16289, 17847,0
888, 17847, 19347,0
889, 19347, 20782,0
890, 20782, 22148,0
891, 22148, 23441,0
892, 23441, 24656,0
893, 24656, 25789,0
894, 25789, 26837,0
895, 26837, 27796,0
896, 27796, 28662,0
897, 28662, 29434,0
898, 29434, 30108,0
899, 30108, 30682,0
900, 30682, 31154,0
901, 31154, 31523,0
902, 31523, 31787,0
903, 31787, 31946,0
904, 31946, 31999,0
905, 31999, 31946,0
906, 31946, 31787,0
907, 31787, 31523,0
908, 31523, 31154,0
909, 31154, 30682,0
910, 30682, 30108,0
911, 30108, 29434,0
912, 29434, 28662,0
913, 28662, 27796,0
914, 27796, 26837,0
915, 26837, 25789,0
916, 25789, 24656,0
917, 24656, 23441,0
918, 23441, 22148,0
919, 22148, 20782,0
920, 20782, 19347,0
921, 19347, 17847,0
922, 17847, 16289,0
923, 16289, 14676,0
924, 14676, 13015,0
925, 13015, 11311,0
926, 11311,  9569,0
927,  9569,  7795,0
928,  7795,  5996,0
929,  5996,  4176,0
930,  4176,  2343,0
931,  2343,   502,0
932,   502, -1340,0
933, -1340, -3178,0
934, -3178, -5005,0
935, -5005, -6816,0
936, -6816, -8605,0
937, -8605,-10365,0
938,-10365,-12090,0
939,-12090,-13776,0
940,-13776,-15416,0
941,-15416,-17004,0
942,-17004,-18536,0
943,-18536,-20007,0
944,-20007,-21412,0
945,-21412,-22745,0
946,-22745,-24003,0
947,-24003,-25181,0
948,-25181,-26276,0
949,-26276,-27284,0
950,-27284,-28201,0
951,-28201,-29025,0
952,-29025,-29752,0
953,-29752,-30381,0
954,-30381,-30909,0
955,-30909,-31335,0
956,-31335,-31656,0
957,-31656,-31873,0
958,-31873,-31984,0
959,-31984,-31989,0
960,-31989,-31887,0
961,-31887,-31680,0
962,-31680,-31368,0
963,-31368,-30952,0
964,-30952,-30433,0
965,-30433,-29814,0
966,-29814,-29095,0
967,-29095,-28280,0
968,-28280,-27371,0
969,-27371,-26372,0
970,-26372,-25284,0
971,-25284,-24114,0
972,-24114,-22863,0
973,-22863,-21536,0
974,-21536,-20138,0
975,-20138,-18673,0
976,-18673,-17146,0
977,-17146,-15562,0
978,-15562,-13927,0
979,-13927,-12245,0
980,-12245,-10523,0
981,-10523, -8766,0
982, -8766, -6980,0
983, -6980, -5171,0
984, -5171, -3344,0
985, -3344, -1507,0
986, -1507,   335,0
987,   335,  2176,0
988,  2176,  4010,0
989,  4010,  5831,0
990,  5831,  7633,0
991,  7633,  9409,0
992,  9409, 11154,0
993, 11154, 12862,0
994, 12862, 14527,0
995, 14527, 16144,0
996, 16144, 17708,0
997, 17708, 19213,0
998, 19213, 20654,0
999, 20654, 22027,0
1000, 22027, 23326,0
1000, 23326, 24549,0
1000, 24549, 25690,0
1000, 25690, 26745,0
1000, 26745, 27712,0
1000, 27712, 27712,0
1000, 27712, 22593,1
1001, 27712, 22593,1
1002, 27712, 27981,1
1003, 27712, 27981,1
1004, 27712, 27981,1
1005, 27712, 27981,1
1006, 28587, 28252,1
1007, 29368, 28632,1
1008, 30051, 28869,1
1009, 30634, 28982,1
1010, 31115, 29200,1
1011, 31494, 29304,1
1012, 31768, 29405,1
1013, 31936, 29405,1
1014, 31999, 29405,1
1015, 31956, 29405,1
1016, 31806, 29405,1
1017, 31551, 29304,1
1018, 31192, 29200,1
1019, 30729, 29092,1
1020, 30164, 28869,1
1021, 29499, 28632,1
1022, 28736, 28382,1
1023, 27878, 27981,1
1024, 26928, 27546,1
1025, 25888, 27076,1
1026, 24762, 26568,1
1027, 23555, 26019,1
1028, 22269, 25220,1
1029, 20909, 24341,1
1030, 19480, 23376,1
1031, 17986, 22042,1
1032, 16433, 20869,1
1033, 14825, 19264,1
1034, 13168, 17505,1
1035, 11467, 15593,1
1036,  9729, 13532,1
1037,  7958, 11334,1
1038,  6160,  9013,1
1039,  4342,  6096,1
1040,  2510,  3583,1
1041,   670,   513,1
1042, -1172, -1540,1
1043, -3011, -4090,1
1044, -4840, -7082,1
1045, -6653, -9486,1
1046, -8443,-11784,1
1047,-10206,-13956,1
1048,-11935,-15987,1
1049,-13624,-17870,1
1050,-15269,-19598,1
1051,-16862,-21171,1
1052,-18400,-22321,1
1053,-19876,-23626,1
1054,-21287,-24569,1
1055,-22627,-25427,1
1056,-23892,-26019,1
1057,-25078,-26741,1
1058,-26180,-27237,1
1059,-27196,-27695,1
1060,-28122,-28118,1
1061,-28954,-28382,1
1062,-29690,-28632,1
1063,-30328,-28869,1
1064,-30865,-29092,1
1065,-31300,-29200,1
1066,-31631,-29304,1
1067,-31857,-29405,1
1068,-31978,-29405,1
1069,-31992,-29405,1
1070,-31901,-29405,1
1071,-31703,-29304,1
1072,-31401,-29200,1
1073,-30994,-29092,1
1074,-30485,-28982,1
1075,-29874,-28752,1
1076,-29164,-28509,1
1077,-28358,-28252,1
1078,-27458,-27840,1
1079,-26466,-27394,1
1080,-25387,-26911,1
1081,-24223,-26206,1
1082,-22980,-25629,1
1083,-21660,-24791,1
1084,-20268,-23870,1
1085,-18809,-22860,1
1086,-17287,-21468,1
1087,-15708,-20246,1
1088,-14078,-18579,1
1089,-12400,-16759,1
1090,-10681,-14786,1
1091, -8927,-12669,1
1092, -7144, -9955,1
1093, -5336, -7570,1
1094, -3511, -5098,1
1095, -1674, -2053,1
1096,   167,     0,1
1097,  2009,  2564,1
1098,  3844,  5598,1
1099,  5666,  8055,1
1100,  7470, 10419,1
1101,  9249, 13103,1
1102, 10997, 15192,1
1103, 12708, 17135,1
1104, 14378, 18925,1
1105, 15999, 20246,1
1106, 17568, 21758,1
1107, 19079, 22860,1
1108, 20526, 24108,1
1109, 21905, 25008,1
1110, 23211, 25827,1
1111, 24441, 26389,1
1112, 25589, 26911,1
1113, 26653, 27546,1
1114, 27628, 27840,1
1115, 28512, 28252,1
1116, 29301, 28509,1
1117, 29993, 28752,1
1118, 30585, 28982,1
1119, 31076, 29200,1
1120, 31464, 29304,1
1121, 31747, 29405,1
1122, 31925, 29405,1
1123, 31998, 29405,1
1124, 31964, 29405,1
1125, 31824, 29405,1
1126, 31579, 29304,1
1127, 31229, 29200,1
1128, 30775, 29092,1
1129, 30220, 28869,1
1130, 29564, 28632,1
1131, 28810, 28382,1
1132, 27960, 27981,1
1133, 27018, 27695,1
1134, 25986, 27237,1
1135, 24868, 26568,1
1136, 23668, 26019,1
1137, 22389, 25220,1
1138, 21036, 24341,1
1139, 19613, 23376,1
1140, 18125, 22321,1
1141, 16576, 20869,1
1142, 14973, 19264,1
1143, 13320, 17870,1
1144, 11624, 15987,1
1145,  9888, 13532,1
1146,  8120, 11334,1
1147,  6325,  9013,1
1148,  4508,  6590,1
1149,  2677,  3583,1
1150,   837,  1027,1
1151, -1005, -1027,1
1152, -2844, -4090,1
1153, -4674, -6590,1
1154, -6489, -9486,1
1155, -8282,-11784,1
1156,-10047,-13956,1
1157,-11779,-15987,1
1158,-13473,-17870,1
1159,-15121,-19598,1
1160,-16719,-20869,1
1161,-18262,-22321,1
1162,-19745,-23376,1
1163,-21161,-24341,1
1164,-22508,-25220,1
1165,-23780,-26019,1
1166,-24973,-26741,1
1167,-26084,-27237,1
1168,-27107,-27695,1
1169,-28041,-28118,1
1170,-28882,-28382,1
1171,-29627,-28632,1
1172,-30274,-28869,1
1173,-30821,-29092,1
1174,-31265,-29200,1
1175,-31606,-29304,1
1176,-31841,-29405,1
1177,-31971,-29405,1
1178,-31996,-29405,1
1179,-31914,-29405,1
1180,-31726,-29304,1
1181,-31433,-29304,1
1182,-31035,-29092,1
1183,-30535,-28982,1
1184,-29934,-28752,1
1185,-29233,-28509,1
1186,-28435,-28252,1
1187,-27543,-27840,1
1188,-26560,-27394,1
1189,-25488,-26911,1
1190,-24332,-26389,1
1191,-23096,-25629,1
1192,-21783,-24791,1
1193,-20397,-23870,1
1194,-18944,-22860,1
1195,-17428,-21758,1
1196,-15854,-20246,1
1197,-14228,-18579,1
1198,-12554,-16759,1
1199,-10839,-14786,1
1200, -9088,-12669,1
1201, -7307,-10419,1
1202, -5501, -8055,1
1203, -3677, -5098,1
1204, -1842, -2564,1
1205,     0,     0,1
1206,  1842,  2564,1
1207,  3677,  5098,1
1208,  5501,  8055,1
1209,  7307, 10419,1
1210,  9088, 12669,1
1211, 10839, 14786,1
1212, 12554, 16759,1
1213, 14228, 18579,1
1214, 15854, 20246,1
1215, 17428, 21758,1
1216, 18944, 22860,1
1217, 20397, 23870,1
1218, 21783, 24791,1
1219, 23096, 25629,1
1220, 24332, 26389,1
1221, 25488, 26911,1
1222, 26560, 27394,1
1223, 27543, 27840,1
1224, 28435, 28252,1
1225, 29233, 28509,1
1226, 29934, 28752,1
1227, 30535, 28982,1
1228, 31035, 29092,1
1229, 31433, 29304,1
1230, 31726, 29304,1
1231, 31914, 29405,1
1232, 31996, 29405,1
1233, 31971, 29405,1
1234, 31841, 29405,1
1235, 31606, 29304,1
1236, 31265, 29200,1
1237, 30821, 29092,1
1238, 30274, 28869,1
1239, 29627, 28632,1
1240, 28882, 28382,1
1241, 28041, 28118,1
1242, 27107, 27695,1
1243, 26084, 27237,1
1244, 24973, 26741,1
1245, 23780, 26019,1
1246, 22508, 25220,1
1247, 21161, 24341,1
1248, 19745, 23376,1
1249, 18262, 22321,1
1250, 16719, 20869,1
1251, 15121, 19598,1
1252, 13473, 17870,1
1253, 11779, 15987,1
1254, 10047, 13956,1
1255,  8282, 11784,1
1256,  6489,  9486,1
1257,  4674,  6590,1
1258,  2844,  4090,1
1259,  1005,  1027,1
1260,  -837, -1027,1
1261, -2677, -3583,1
1262, -4508, -6590,1
1263, -6325, -9013,1
1264, -8120,-11334,1
1265, -9888,-13532,1
1266,-11624,-15987,1
1267,-13320,-17870,1
1268,-14973,-19264,1
1269,-16576,-20869,1
1270,-18124,-22321,1
1271,-19613,-23376,1
1272,-21036,-24341,1
1273,-22389,-25220,1
1274,-23668,-26019,1
1275,-24868,-26568,1
1276,-25986,-27237,1
1277,-27018,-27695,1
1278,-27960,-27981,1
1279,-28810,-28382,1
1280,-29564,-28632,1
1281,-30220,-28869,1
1282,-30775,-29092,1
1283,-31229,-29200,1
1284,-31579,-29304,1
1285,-31824,-29405,1
1286,-31964,-29405,1
1287,-31998,-29405,1
1288,-31925,-29405,1
1289,-31747,-29405,1
1290,-31464,-29304,1
1291,-31076,-29200,1
1292,-30585,-28982,1
1293,-29993,-28752,1
1294,-29301,-28509,1
1295,-28512,-28252,1
1296,-27628,-27840,1
1297,-26653,-27546,1
1298,-25589,-26911,1
1299,-24441,-26389,1
1300,-23211,-25827,1
1301,-21905,-25008,1
1302,-20526,-24108,1
1303,-19079,-22860,1
1304,-17568,-21758,1
1305,-16000,-20246,1
1306,-14378,-18925,1
1307,-12708,-17135,1
1308,-10997,-15192,1
1309, -9249,-13103,1
1310, -7470,-10419,1
1311, -5666, -8055,1
1312, -3844, -5598,1
1313, -2009, -2564,1
1314,  -167,     0,1
1315,  1674,  2053,1
1316,  3511,  5098,1
1317,  5336,  7570,1
1318,  7144,  9955,1
1319,  8927, 12669,1
1320, 10681, 14786,1
1321, 12400, 16759,1
1322, 14078, 18579,1
1323, 15708, 20246,1
1324, 17287, 21468,1
1325, 18809, 22860,1
1326, 20268, 23870,1
1327, 21660, 24791,1
1328, 22980, 25629,1
1329, 24223, 26206,1
1330, 25387, 26911,1
1331, 26466, 27394,1
1332, 27458, 27840,1
1333, 28358, 28252,1
1334, 29164, 28509,1
1335, 29874, 28752,1
1336, 30485, 28982,1
1337, 30994, 29092,1
1338, 31401, 29200,1
1339, 31703, 29304,1
1340, 31901, 29405,1
1341, 31992, 29405,1
1342, 31978, 29405,1
1343, 31857, 29405,1
1344, 31631, 29304,1
1345, 31300, 29200,1
1346, 30865, 29092,1
1347, 30328, 28869,1
1348, 29690, 28632,1
1349, 28954, 28382,1
1350, 28122, 28118,1
1351, 27196, 27695,1
1352, 26180, 27237,1
1353, 25078, 26741,1
1354, 23892, 26019,1
1355, 22627, 25427,1
1356, 21287, 24569,1
1357, 19876, 23626,1
1358, 18400, 22321,1
1359, 16862, 21171,1
1360, 15269, 19598,1
1361, 13624, 17870,1
1362, 11935, 15987,1
1363, 10206, 13956,1
1364,  8443, 11784,1
1365,  6653,  9486,1
1366,  4840,  7082,1
1367,  3011,  4090,1
1368,  1172,  1540,1
1369,  -670,  -513,1
1370, -2510, -3583,1
1371, -4342, -6096,1
1372, -6160, -9013,1
1373, -7958,-11334,1
1374, -9729,-13532,1
1375,-11467,-15593,1
1376,-13168,-17505,1
1377,-14825,-19264,1
1378,-16433,-20869,1
1379,-17986,-22042,1
1380,-19480,-23376,1
1381,-20909,-24341,1
1382,-22269,-25220,1
1383,-23555,-26019,1
1384,-24762,-26568,1
1385,-25888,-27076,1
1386,-26928,-27546,1
1387,-27878,-27981,1
1388,-28736,-28382,1
1389,-29499,-28632,1
1390,-30164,-28869,1
1391,-30729,-29092,1
1392,-31192,-29200,1
1393,-31551,-29304,1
1394,-31806,-29405,1
1395,-31956,-29405,1
1396,-31999,-29405,1
1397,-31936,-29405,1
1398,-31768,-29405,1
1399,-31494,-29304,1
1400,-31115,-29200,1
1401,-30634,-28982,1
1402,-30051,-28869,1
1403,-29368,-28632,1
1404,-28587,-28252,1
1405,-27712,-27981,1
1406,-26745,-27546,1
1407,-25690,-27076,1
1408,-24549,-26389,1
1409,-23326,-25827,1
1410,-22027,-25008,1
1411,-20654,-24108,1
1412,-19213,-23121,1
1413,-17708,-21758,1
1414,-16144,-20560,1
1415,-14527,-18925,1
1416,-12862,-17135,1
1417,-11154,-15192,1
1418, -9409,-13103,1
1419, -7633,-10879,1
1420, -5831, -8536,1
1421, -4010, -5598,1
1422, -2176, -3074,1
1423,  -335,     0,1
1424,  1507,  2053,1
1425,  3344,  4595,1
1426,  5171,  7570,1
1427,  6980,  9955,1
1428,  8766, 12229,1
1429, 10523, 14374,1
1430, 12245, 16376,1
1431, 13927, 18228,1
1432, 15562, 19925,1
1433, 17146, 21468,1
1434, 18673, 22593,1
1435, 20138, 23626,1
1436, 21536, 24791,1
1437, 22863, 25427,1
1438, 24114, 26206,1
1439, 25284, 26911,1
1440, 26372, 27394,1
1441, 27371, 27840,1
1442, 28280, 28118,1
1443, 29095, 28509,1
1444, 29814, 28752,1
1445, 30433, 28982,1
1446, 30952, 29092,1
1447, 31368, 29200,1
1448, 31680, 29304,1
1449, 31887, 29405,1
1450, 31989, 29405,1
1451, 31984, 29405,1
1452, 31873, 29405,1
1453, 31656, 29304,1
1454, 31335, 29200,1
1455, 30909, 29092,1
1456, 30381, 28982,1
1457, 29752, 28752,1
1458, 29025, 28509,1
1459, 28201, 28118,1
1460, 27284, 27695,1
1461, 26276, 27237,1
1462, 25181, 26741,1
1463, 24003, 26206,1
1464, 22745, 25427,1
1465, 21412, 24569,1
1466, 20007, 23626,1
1467, 18537, 22593,1
1468, 17004, 21171,1
1469, 15416, 19925,1
1470, 13776, 18228,1
1471, 12090, 16376,1
1472, 10365, 14374,1
1473,  8605, 12229,1
1474,  6816,  9486,1
1475,  5005,  7082,1
1476,  3178,  4595,1
1477,  1340,  1540,1
1478,  -502,  -513,1
1479, -2343, -3074,1
1480, -4176, -6096,1
1481, -5996, -8536,1
1482, -7795,-10879,1
1483, -9569,-13532,1
1484,-11311,-15593,1
1485,-13015,-17505,1
1486,-14676,-18925,1
1487,-16289,-20560,1
1488,-17847,-22042,1
1489,-19347,-23121,1
1490,-20782,-24108,1
1491,-22148,-25008,1
1492,-23441,-25827,1
1493,-24656,-26568,1
1494,-25789,-27076,1
1495,-26837,-27546,1
1496,-27796,-27981,1
1497,-28662,-28252,1
1498,-29434,-28632,1
1499,-30108,-28869,1
1500,-30682,-28982,1
1501,-31154,-29200,1
1502,-31523,-29304,1
1503,-31787,-29405,1
1504,-31946,-29405,1
1505,-31999,-29405,1
1506,-31946,-29405,1
1507,-31787,-29405,1
1508,-31523,-29304,1
1509,-31154,-29200,1
1510,-30682,-28982,1
1511,-30108,-28869,1
1512,-29434,-28632,1
1513,-28662,-28252,1
1514,-27796,-27981,1
1515,-26837,-27546,1
1516,-25789,-27076,1
1517,-24656,-26568,1
1518,-23441,-25827,1
1519,-22148,-25008,1
1520,-20782,-24108,1
1521,-19347,-23121,1
1522,-17847,-22042,1
1523,-16289,-20560,1
1524,-14676,-18925,1
1525,-13015,-17505,1
1526,-11311,-15593,1
1527, -9569,-13532,1
1528, -7795,-10879,1
1529, -5996, -8536,1
1530, -4176, -6096,1
1531, -2343, -3074,1
1532,  -502,  -513,1
1533,  1340,  1540,1
1534,  3178,  4595,1
1535,  5005,  7082,1
1536,  6816,  9486,1
1537,  8605, 12229,1
1538, 10365, 14374,1
1539, 12090, 16376,1
1540, 13776, 18228,1
1541, 15416, 19925,1
1542, 17004, 21171,1
1543, 18536, 22593,1
1544, 20007, 23626,1
1545, 21412, 24569,1
1546, 22745, 25427,1
1547, 24003, 26206,1
1548, 25181, 26741,1
1549, 26276, 27237,1
1550, 27284, 27695,1
1551, 28201, 28118,1
1552, 29025, 28509,1
1553, 29752, 28752,1
1554, 30381, 28982,1
1555, 30909, 29092,1
1556, 31335, 29200,1
1557, 31656, 29304,1
1558, 31873, 29405,1
1559, 31984, 29405,1
1560, 31989, 29405,1
1561, 31887, 29405,1
1562, 31680, 29304,1
1563, 31368, 29200,1
1564, 30952, 29092,1
1565, 30433, 28982,1
1566, 29814, 28752,1
1567, 29095, 28509,1
1568, 28280, 28118,1
1569, 27371, 27840,1
1570, 26372, 27394,1
1571, 25284, 26911,1
1572, 24114, 26206,1
1573, 22863, 25427,1
1574, 21536, 24791,1
1575, 20138, 23626,1
1576, 18673, 22593,1
1577, 17146, 21468,1
1578, 15562, 19925,1
1579, 13927, 18228,1
1580, 12245, 16376,1
1581, 10523, 14374,1
1582,  8766, 12229,1
1583,  6980,  9955,1
1584,  5171,  7570,1
1585,  3344,  4595,1
1586,  1507,  2053,1
1587,  -335,     0,1
1588, -2176, -3074,1
1589, -4010, -5598,1
1590, -5831, -8536,1
1591, -7633,-10879,1
1592, -9409,-13103,1
1593,-11154,-15192,1
1594,-12862,-17135,1
1595,-14527,-18925,1
1596,-16144,-20560,1
1597,-17708,-21758,1
1598,-19213,-23121,1
1599,-20654,-24108,1
1600,-22027,-25008,1
1601,-23326,-25827,1
1602,-24549,-26389,1
1603,-25690,-27076,1
1604,-26745,-27546,1
1605,-27712,-27981,1
1606,-28587,-28252,1
1607,-29368,-28632,1
1608,-30051,-28869,1
1609,-30634,-28982,1
1610,-31115,-29200,1
1611,-31494,-29304,1
1612,-31768,-29405,1
1613,-31936,-29405,1
1614,-31999,-29405,1
1615,-31956,-29405,1
1616,-31806,-29405,1
1617,-31551,-29304,1
1618,-31192,-29200,1
1619,-30729,-29092,1
1620,-30164,-28869,1
1621,-29499,-28632,1
1622,-28736,-28382,1
1623,-27878,-27981,1
1624,-26928,-27546,1
1625,-25888,-27076,1
1626,-24762,-26568,1
1627,-23555,-26019,1
1628,-22269,-25220,1
1629,-20909,-24341,1
1630,-19480,-23376,1
1631,-17986,-22042,1
1632,-16433,-20869,1
1633,-14825,-19264,1
1634,-13168,-17505,1
1635,-11467,-15593,1
1636, -9729,-13532,1
1637, -7958,-11334,1
1638, -6160, -9013,1
1639, -4342, -6096,1
1640, -2510, -3583,1
1641,  -670,  -513,1
1642,  1172,  1540,1
1643,  3011,  4090,1
1644,  4840,  7082,1
1645,  6653,  9486,1
1646,  8443, 11784,1
1647, 10206, 13956,1
1648, 11935, 15987,1
1649, 13624, 17870,1
1650, 15269, 19598,1
1651, 16862, 21171,1
1652, 18400, 22321,1
1653, 19876, 23626,1
1654, 21287, 24569,1
1655, 22627, 25427,1
1656, 23892, 26019,1
1657, 25078, 26741,1
1658, 26180, 27237,1
1659, 27196, 27695,1
1660, 28122, 28118,1
1661, 28954, 28382,1
1662, 29690, 28632,1
1663, 30328, 28869,1
1664, 30865, 29092,1
1665, 31300, 29200,1
1666, 31631, 29304,1
1667, 31857, 29405,1
1668, 31978, 29405,1
1669, 31992, 29405,1
1670, 31901, 29405,1
1671, 31703, 29304,1
1672, 31401, 29200,1
1673, 30994, 29092,1
1674, 30485, 28982,1
1675, 29874, 28752,1
1676, 29164, 28509,1
1677, 28358, 28252,1
1678, 27458, 27840,1
1679, 26466, 27394,1
1680, 25387, 26911,1
1681, 24223, 26206,1
1682, 22980, 25629,1
1683, 21660, 24791,1
1684, 20268, 23870,1
1685, 18809, 22860,1
1686, 17287, 21468,1
1687, 15708, 20246,1
1688, 14078, 18579,1
1689, 12400, 16759,1
1690, 10681, 14786,1
1691,  8927, 12669,1
1692,  7144,  9955,1
1693,  5336,  7570,1
1694,  3511,  5098,1
1695,  1674,  2053,1
1696,  -167,     0,1
1697, -2009, -2564,1
1698, -3844, -5598,1
1699, -5666, -8055,1
1700, -7470,-10419,1
1701, -9249,-13103,1
1702,-10997,-15192,1
1703,-12708,-17135,1
1704,-14378,-18925,1
1705,-15999,-20246,1
1706,-17568,-21758,1
1707,-19079,-22860,1
1708,-20526,-24108,1
1709,-21905,-25008,1
1710,-23211,-25827,1
1711,-24441,-26389,1
1712,-25589,-26911,1
1713,-26653,-27546,1
1714,-27628,-27840,1
1715,-28512,-28252,1
1716,-29301,-28509,1
1717,-29993,-28752,1
1718,-30585,-28982,1
1719,-31076,-29200,1
1720,-31464,-29304,1
1721,-31747,-29405,1
1722,-31925,-29405,1
1723,-31998,-29405,1
1724,-31964,-29405,1
1725,-31824,-29405,1
1726,-31579,-29304,1
1727,-31229,-29200,1
1728,-30775,-29092,1
1729,-30220,-28869,1
1730,-29564,-28632,1
1731,-28810,-28382,1
1732,-27960,-27981,1
1733,-27018,-27695,1
1734,-25986,-27237,1
1735,-24868,-26568,1
1736,-23668,-26019,1
1737,-22389,-25220,1
1738,-21036,-24341,1
1739,-19613,-23376,1
1740,-18125,-22321,1
1741,-16576,-20869,1
1742,-14973,-19264,1
1743,-13320,-17870,1
1744,-11624,-15987,1
1745, -9888,-13532,1
1746, -8120,-11334,1
1747, -6325, -9013,1
1748, -4508, -6590,1
1749, -2677, -3583,1
1750,  -837, -1027,1
1751,  1005,  1027,1
1752,  2844,  4090,1
1753,  4674,  6590,1
1754,  6489,  9486,1
1755,  8282, 11784,1
1756, 10047, 13956,1
1757, 11779, 15987,1
1758, 13473, 17870,1
1759, 15121, 19598,1
1760, 16719, 20869,1
1761, 18262, 22321,1
1762, 19745, 23376,1
1763, 21161, 24341,1
1764, 22508, 25220,1
1765, 23780, 26019,1
1766, 24973, 26741,1
1767, 26084, 27237,1
1768, 27107, 27695,1
1769, 28041, 28118,1
1770, 28882, 28382,1
1771, 29627, 28632,1
1772, 30274, 28869,1
1773, 30821, 29092,1
1774, 31265, 29200,1
1775, 31606, 29304,1
1776, 31841, 29405,1
1777, 31971, 29405,1
1778, 31996, 29405,1
1779, 31914, 29405,1
1780, 31726, 29304,1
1781, 31433, 29304,1
1782, 31035, 29092,1
1783, 30535, 28982,1
1784, 29934, 28752,1
1785, 29233, 28509,1
1786, 28435, 28252,1
1787, 27543, 27840,1
1788, 26560, 27394,1
1789, 25488, 26911,1
1790, 24332, 26389,1
1791, 23096, 25629,1
1792, 21783, 24791,1
1793, 20397, 23870,1
1794, 18944, 22860,1
1795, 17428, 21758,1
1796, 15854, 20246,1
1797, 14228, 18579,1
1798, 12554, 16759,1
1799, 10839, 14786,1
1800,  9088, 12669,1
1801,  7307, 10419,1
1802,  5501,  8055,1
1803,  3677,  5098,1
1804,  1842,  2564,1
1805,     0,     0,1
1806, -1842, -2564,1
1807, -3677, -5098,1
1808, -5501, -8055,1
1809, -7307,-10419,1
1810, -9088,-12669,1
1811,-10839,-14786,1
1812,-12554,-16759,1
1813,-14228,-18579,1
1814,-15854,-20246,1
1815,-17428,-21758,1
1816,-18944,-22860,1
1817,-20397,-23870,1
1818,-21783,-24791,1
1819,-23096,-25629,1
1820,-24332,-26389,1
1821,-25488,-26911,1
1822,-26560,-27394,1
1823,-27543,-27840,1
1824,-28435,-28252,1
1825,-29233,-28509,1
1826,-29934,-28752,1
1827,-30535,-28982,1
1828,-31035,-29092,1
1829,-31433,-29304,1
1830,-31726,-29304,1
1831,-31914,-29405,1
1832,-31996,-29405,1
1833,-31971,-29405,1
1834,-31841,-29405,1
1835,-31606,-29304,1
1836,-31265,-29200,1
1837,-30821,-29092,1
1838,-30274,-28869,1
1839,-29627,-28632,1
1840,-28882,-28382,1
1841,-28041,-28118,1
1842,-27107,-27695,1
1843,-26084,-27237,1
1844,-24973,-26741,1
1845,-23780,-26019,1
1846,-22508,-25220,1
1847,-21161,-24341,1
1848,-19745,-23376,1
1849,-18262,-22321,1
1850,-16719,-20869,1
1851,-15121,-19598,1
1852,-13473,-17870,1
1853,-11779,-15987,1
1854,-10047,-13956,1
1855, -8282,-11784,1
1856, -6489, -9486,1
1857, -4674, -6590,1
1858, -2844, -4090,1
1859, -1005, -1027,1
1860,   837,  1027,1
1861,  2677,  3583,1
1862,  4508,  6590,1
1863,  6325,  9013,1
1864,  8120, 11334,1
1865,  9888, 13532,1
1866, 11624, 15987,1
1867, 13320, 17870,1
1868, 14973, 19264,1
1869, 16576, 20869,1
1870, 18124, 22321,1
1871, 19613, 23376,1
1872, 21036, 24341,1
1873, 22389, 25220,1
1874, 23668, 26019,1
1875, 24868, 26568,1
1876, 25986, 27237,1
1877, 27018, 27695,1
1878, 27960, 27981,1
1879, 28810, 28382,1
1880, 29564, 28632,1
1881, 30220, 28869,1
1882, 30775, 29092,1
1883, 31229, 29200,1
1884, 31579, 29304,1
1885, 31824, 29405,1
1886, 31964, 29405,1
1887, 31998, 29405,1
1888, 31925, 29405,1
1889, 31747, 29405,1
1890, 31464, 29304,1
1891, 31076, 29200,1
1892, 30585, 28982,1
1893, 29993, 28752,1
1894, 29301, 28509,1
1895, 28512, 28252,1
1896, 27628, 27840,1
1897, 26653, 27546,1
1898, 25589, 26911,1
1899, 24441, 26389,1
1900, 23211, 25827,1
1901, 21905, 25008,1
1902, 20526, 24108,1
1903, 19079, 22860,1
1904, 17568, 21758,1
1905, 16000, 20246,1
1906, 14378, 18925,1
1907, 12708, 17135,1
1908, 10997, 15192,1
1909,  9249, 13103,1
1910,  7470, 10419,1
1911,  5666,  8055,1
1912,  3844,  5598,1
1913,  2009,  2564,1
1914,   167,     0,1
1915, -1674, -2053,1
1916, -3511, -5098,1
1917, -5336, -7570,1
1918, -7143, -9955,1
1919, -8927,-12669,1
1920,-10681,-14786,1
1921,-12400,-16759,1
1922,-14078,-18579,1
1923,-15708,-20246,1
1924,-17287,-21468,1
1925,-18809,-22860,1
1926,-20268,-23870,1
1927,-21660,-24791,1
1928,-22980,-25629,1
1929,-24223,-26206,1
1930,-25387,-26911,1
1931,-26466,-27394,1
1932,-27458,-27840,1
1933,-28358,-28252,1
1934,-29164,-28509,1
1935,-29874,-28752,1
1936,-30485,-28982,1
1937,-30994,-29092,1
1938,-31401,-29200,1
1939,-31703,-29304,1
1940,-31901,-29405,1
1941,-31992,-29405,1
1942,-31978,-29405,1
1943,-31857,-29405,1
1944,-31631,-29304,1
1945,-31300,-29200,1
1946,-30865,-29092,1
1947,-30328,-28869,1
1948,-29690,-28632,1
1949,-28954,-28382,1
1950,-28122,-28118,1
1951,-27196,-27695,1
1952,-26180,-27237,1
1953,-25078,-26741,1
1954,-23892,-26019,1
1955,-22627,-25427,1
1956,-21287,-24569,1
1957,-19876,-23626,1
1958,-18400,-22321,1
1959,-16862,-21171,1
1960,-15269,-19598,1
1961,-13624,-17870,1
1962,-11935,-15987,1
1963,-10206,-13956,1
1964, -8443,-11784,1
1965, -6653, -9486,1
1966, -4840, -7082,1
1967, -3011, -4090,1
1968, -1172, -1540,1
1969,   670,   513,1
1970,  2510,  3583,1
1971,  4342,  6096,1
1972,  6160,  9013,1
1973,  7958, 11334,1
1974,  9729, 13532,1
1975, 11467, 15593,1
1976, 13168, 17505,1
1977, 14825, 19264,1
1978, 16433, 20869,1
1979, 17986, 22042,1
1980, 19480, 23376,1
1981, 20909, 24341,1
1982, 22269, 25220,1
1983, 23555, 26019,1
1984, 24762, 26568,1
1985, 25888, 27076,1
1986, 26928, 27546,1
1987, 27878, 27981,1
1988, 28736, 28382,1
1989, 29499, 28632,1
1990, 30164, 28869,1
1991, 30729, 29092,1
1992, 31192, 29200,1
1993, 31551, 29304,1
1994, 31806, 29405,1
1995, 31956, 29405,1
1996, 31999, 29405,1
1997, 31936, 29405,1
1998, 31768, 29405,1
1999, 31494, 29304,1
2000, 31115, 29200,1
2001, 30634, 28982,1
2002, 30051, 28869,1
2003, 29368, 28632,1
2004, 28587, 28252,1
2005, 27712, 27981,1
2006, 26745, 27546,1
2007, 25690, 27076,1
2008, 24549, 26389,1
2009, 23326, 25827,1
2010, 22027, 25008,1
2011, 20654, 24108,1
2012, 19213, 23121,1
2013, 17708, 21758,1
2014, 16144, 20560,1
2015, 14527, 18925,1
2016, 12862, 17135,1
2017, 11154, 15192,1
2018,  9409, 13103,1
2019,  7633, 10879,1
2020,  5831,  8536,1
2021,  4010,  5598,1
2022,  2176,  3074,1
2023,   335,     0,1
2024, -1507, -2053,1
2025, -3344, -4595,1
2026, -5171, -7570,1
2027, -6980, -9955,1
2028, -8766,-12229,1
2029,-10523,-14374,1
2030,-12245,-16376,1
2031,-13927,-18228,1
2032,-15562,-19925,1
2033,-17146,-21468,1
2034,-18673,-22593,1
2035,-20138,-23626,1
2036,-21536,-24791,1
2037,-22863,-25427,1
2038,-24114,-26206,1
2039,-25284,-26911,1
2040,-26372,-27394,1
2041,-27371,-27840,1
2042,-28280,-28118,1
2043,-29095,-28509,1
2044,-29814,-28752,1
2045,-30433,-28982,1
2046,-30952,-29092,1
2047,-31368,-29200,1
2048,-31680,-29304,1
2049,-31887,-29405,1
2050,-31989,-29405,1
2051,-31984,-29405,1
2052,-31873,-29405,1
2053,-31656,-29304,1
2054,-31335,-29200,1
2055,-30909,-29092,1
2056,-30381,-28982,1
2057,-29752,-28752,1
2058,-29025,-28509,1
2059,-28201,-28118,1
2060,-27284,-27695,1
2061,-26276,-27237,1
2062,-25181,-26741,1
2063,-24003,-26206,1
2064,-22745,-25427,1
2065,-21412,-24569,1
2066,-20007,-23626,1
2067,-18537,-22593,1
2068,-17004,-21171,1
2069,-15416,-19925,1
2070,-13776,-18228,1
2071,-12090,-16376,1
2072,-10365,-14374,1
2073, -8605,-12229,1
2074, -6816, -9486,1
2075, -5005, -7082,1
2076, -3178, -4595,1
2077, -1340, -1540,1
2078,   502,   513,1
2079,  2343,  3074,1
2080,  4176,  6096,1
2081,  5996,  8536,1
2082,  7795, 10879,1
2083,  9569, 13532,1
2084, 11311, 15593,1
2085, 13015, 17505,1
2086, 14676, 18925,1
2087, 16289, 20560,1
2088, 17847, 22042,1
2089, 19347, 23121,1
2090, 20782, 24108,1
2091, 22148, 25008,1
2092, 23441, 25827,1
2093, 24656, 26568,1
2094, 25789, 27076,1
2095, 26837, 27546,1
2096, 27796, 27981,1
2097, 28662, 28252,1
2098, 29434, 28632,1
2099, 30108, 28869,1
2100, 30682, 28982,1
2101, 31154, 29200,1
2102, 31523, 29304,1
2103, 31787, 29405,1
2104, 31946, 29405,1
2105, 31999, 29405,1
2106, 31946, 29405,1
2107, 31787, 29405,1
2108, 31523, 29304,1
2109, 31154, 29200,1
2110, 30682, 28982,1
2111, 30108, 28869,1
2112, 29434, 28632,1
2113, 28662, 28252,1
2114, 27796, 27981,1
2115, 26837, 27546,1
2116, 25789, 27076,1
2117, 24656, 26568,1
2118, 23441, 25827,1
2119, 22148, 25008,1
2120, 20782, 24108,1
2121, 19347, 23121,1
2122, 17847, 22042,1
2123, 16289, 20560,1
2124, 14676, 18925,1
2125, 13015, 17505,1
2126, 11311, 15593,1
2127,  9569, 13532,1
2128,  7795, 10879,1
2129,  5996,  8536,1
2130,  4176,  6096,1
2131,  2343,  3074,1
2132,   502,   513,1
2133, -1340, -1540,1
2134, -3178, -4595,1
2135, -5005, -7082,1
2136, -6816, -9486,1
2137, -8605,-12229,1
2138,-10365,-14374,1
2139,-12090,-16376,1
2140,-13776,-18228,1
2141,-15416,-19925,1
2142,-17004,-21171,1
2143,-18536,-22593,1
2144,-20007,-23626,1
2145,-21412,-24569,1
2146,-22745,-25427,1
2147,-24003,-26206,1
2148,-25181,-26741,1
2149,-26276,-27237,1
2150,-27284,-27695,1
2151,-28201,-28118,1
2152,-29025,-28509,1
2153,-29752,-28752,1
2154,-30381,-28982,1
2155,-30909,-29092,1
2156,-31335,-29200,1
2157,-31656,-29304,1
2158,-31873,-29405,1
2159,-31984,-29405,1
2160,-31989,-29405,1
2161,-31887,-29405,1
2162,-31680,-29304,1
2163,-31368,-29200,1
2164,-30952,-29092,1
2165,-30433,-28982,1
2166,-29814,-28752,1
2167,-29095,-28509,1
2168,-28280,-28118,1
2169,-27371,-27840,1
2170,-26372,-27394,1
2171,-25284,-26911,1
2172,-24114,-26206,1
2173,-22863,-25427,1
2174,-21536,-24791,1
2175,-20138,-23626,1
2176,-18673,-22593,1
2177,-17146,-21468,1
2178,-15562,-19925,1
2179,-13927,-18228,1
2180,-12245,-16376,1
2181,-10523,-14374,1
2182, -8766,-12229,1
2183, -6980, -9955,1
2184, -5171, -7570,1
2185, -3344, -4595,1
2186, -1507, -2053,1
2187,   335,     0,1
2188,  2176,  3074,1
2189,  4010,  5598,1
2190,  5831,  8536,1
2191,  7633, 10879,1
2192,  9409, 13103,1
2193, 11154, 15192,1
2194, 12862, 17135,1
2195, 14527, 18925,1
2196, 16144, 20560,1
2197, 17708, 21758,1
2198, 19213, 23121,1
2199, 20654, 24108,1
2200, 22027, 25008,1
2201, 23326, 25827,1
2202, 24549, 26389,1
2203, 25690, 27076,1
2204, 26745, 27546,1
2205, 27712, 27981,1
2206, 28587, 28252,1
2207, 29368, 28632,1
2208, 30051, 28869,1
2209, 30634, 28982,1
2210, 31115, 29200,1
2211, 31494, 29304,1
2212, 31768, 29405,1
2213, 31936, 29405,1
2214, 31999, 29405,1
2215, 31956, 29405,1
2216, 31806, 29405,1
2217, 31551, 29304,1
2218, 31192, 29200,1
2219, 30729, 29092,1
2220, 30164, 28869,1
2221, 29499, 28632,1
2222, 28736, 28382,1
2223, 27878, 27981,1
2224, 26928, 27546,1
2225, 25888, 27076,1
2226, 24762, 26568,1
2227, 23555, 26019,1
2228, 22269, 25220,1
2229, 20909, 24341,1
2230, 19480, 23376,1
2231, 17986, 22042,1
2232, 16433, 20869,1
2233, 14825, 19264,1
2234, 13168, 17505,1
2235, 11467, 15593,1
2236,  9729, 13532,1
2237,  7958, 11334,1
2238,  6160,  9013,1
2239,  4342,  6096,1
2240,  2510,  3583,1
2241,   670,   513,1
2242, -1172, -1540,1
2243, -3011, -4090,1
2244, -4840, -7082,1
2245, -6653, -9486,1
2246, -8443,-11784,1
2247,-10206,-13956,1
2248,-11935,-15987,1
2249,-13624,-17870,1
2250,-15269,-19598,1
2251,-16862,-21171,1
2252,-18400,-22321,1
2253,-19876,-23626,1
2254,-21287,-24569,1
2255,-22627,-25427,1
2256,-23892,-26019,1
2257,-25078,-26741,1
2258,-26180,-27237,1
2259,-27196,-27695,1
2260,-28122,-28118,1
2261,-28954,-28382,1
2262,-29690,-28632,1
2263,-30328,-28869,1
2264,-30865,-29092,1
2265,-31300,-29200,1
2266,-31631,-29304,1
2267,-31857,-29405,1
2268,-31978,-29405,1
2269,-31992,-29405,1
2270,-31901,-29405,1
2271,-31703,-29304,1
2272,-31401,-29200,1
2273,-30994,-29092,1
2274,-30485,-28982,1
2275,-29874,-28752,1
2276,-29164,-28509,1
2277,-28358,-28252,1
2278,-27458,-27840,1
2279,-26466,-27394,1
2280,-25387,-26911,1
2281,-24223,-26206,1
2282,-22980,-25629,1
2283,-21660,-24791,1
2284,-20268,-23870,1
2285,-18809,-22860,1
2286,-17287,-21468,1
2287,-15708,-20246,1
2288,-14078,-18579,1
2289,-12400,-16759,1
2290,-10681,-14786,1
2291, -8927,-12669,1
2292, -7144, -9955,1
2293, -5336, -7570,1
2294, -3511, -5098,1
2295, -1674, -2053,1
2296,   167,     0,1
2297,  2009,  2564,1
2298,  3844,  5598,1
2299,  5666,  8055,1
2300,  7470, 10419,1
2301,  9249, 13103,1
2302, 10997, 15192,1
2303, 12708, 17135,1
2304, 14378, 18925,1
2305, 15999, 20246,1
2306, 17568, 21758,1
2307, 19079, 22860,1
2308, 20526, 24108,1
2309, 21905, 25008,1
2310, 23211, 25827,1
2311, 24441, 26389,1
2312, 25589, 26911,1
2313, 26653, 27546,1
2314, 27628, 27840,1
2315, 28512, 28252,1
2316, 29301, 28509,1
2317, 29993, 28752,1
2318, 30585, 28982,1
2319, 31076, 29200,1
2320, 31464, 29304,1
2321, 31747, 29405,1
2322, 31925, 29405,1
2323, 31998, 29405,1
2324, 31964, 29405,1
2325, 31824, 29405,1
2326, 31579, 29304,1
2327, 31229, 29200,1
2328, 30775, 29092,1
2329, 30220, 28869,1
2330, 29564, 28632,1
2331, 28810, 28382,1
2332, 27960, 27981,1
2333, 27018, 27695,1
2334, 25986, 27237,1
2335, 24868, 26568,1
2336, 23668, 26019,1
2337, 22389, 25220,1
2338, 21036, 24341,1
2339, 19613, 23376,1
2340, 18125, 22321,1
2341, 16576, 20869,1
2342, 14973, 19264,1
2343, 13320, 17870,1
2344, 11624, 15987,1
2345,  9888, 13532,1
2346,  8120, 11334,1
2347,  6325,  9013,1
2348,  4508,  6590,1
2349,  2677,  3583,1
2350,   837,  1027,1
2351, -1005, -1027,1
2352, -2844, -4090,1
2353, -4674, -6590,1
2354, -6489, -9486,1
2355, -8282,-11784,1
2356,-10047,-13956,1
2357,-11779,-15987,1
2358,-13473,-17870,1
2359,-15121,-19598,1
2360,-16719,-20869,1
2361,-18262,-22321,1
2362,-19745,-23376,1
2363,-21161,-24341,1
2364,-22508,-25220,1
2365,-23780,-26019,1
2366,-24973,-26741,1
2367,-26084,-27237,1
2368,-27107,-27695,1
2369,-28041,-28118,1
2370,-28882,-28382,1
2371,-29627,-28632,1
2372,-30274,-28869,1
2373,-30821,-29092,1
2374,-31265,-29200,1
2375,-31606,-29304,1
2376,-31841,-29405,1
2377,-31971,-29405,1
2378,-31996,-29405,1
2379,-31914,-29405,1
2380,-31726,-29304,1
2381,-31433,-29304,1
2382,-31035,-29092,1
2383,-30535,-28982,1
2384,-29934,-28752,1
2385,-29233,-28509,1
2386,-28435,-28252,1
2387,-27543,-27840,1
2388,-26560,-27394,1
2389,-25488,-26911,1
2390,-24332,-26389,1
2391,-23096,-25629,1
2392,-21783,-24791,1
2393,-20397,-23870,1
2394,-18944,-22860,1
2395,-17428,-21758,1
2396,-15854,-20246,1
2397,-14228,-18579,1
2398,-12554,-16759,1
2399,-10839,-14786,1
2400, -9088,-12669,1
2401, -7307,-10419,1
2402, -5501, -8055,1
2403, -3677, -5098,1
2404, -1842, -2564,1
2405,     0,     0,1
2406,  1842,  2564,1
2407,  3677,  5098,1
2408,  5501,  8055,1
2409,  7307, 10419,1
2410,  9088, 12669,1
2411, 10839, 14786,1
2412, 12554, 16759,1
2413, 14228, 18579,1
2414, 15854, 20246,1
2415, 17428, 21758,1
2416, 18944, 22860,1
2417, 20397, 23870,1
2418, 21783, 24791,1
2419, 23096, 25629,1
2420, 24332, 26389,1
2421, 25488, 26911,1
2422, 26560, 27394,1
2423, 27543, 27840,1
2424, 28435, 28252,1
2425, 29233, 28509,1
2426, 29934, 28752,1
2427, 30535, 28982,1
2428, 31035, 29092,1
2429, 31433, 29304,1
2430, 31726, 29304,1
2431, 31914, 29405,1
2432, 31996, 29405,1
2433, 31971, 29405,1
2434, 31841, 29405,1
2435, 31606, 29304,1
2436, 31265, 29200,1
2437, 30821, 29092,1
2438, 30274, 28869,1
2439, 29627, 28632,1
2440, 28882, 28382,1
2441, 28041, 28118,1
2442, 27107, 27695,1
2443, 26084, 27237,1
2444, 24973, 26741,1
2445, 23780, 26019,1
2446, 22508, 25220,1
2447, 21161, 24341,1
2448, 19745, 23376,1
2449, 18262, 22321,1
2450, 16719, 20869,1
2451, 15121, 19598,1
2452, 13473, 17870,1
2453, 11779, 15987,1
2454, 10047, 13956,1
2455,  8282, 11784,1
2456,  6489,  9486,1
2457,  4674,  6590,1
2458,  2844,  4090,1
2459,  1005,  1027,1
2460,  -837, -1027,1
2461, -2677, -3583,1
2462, -4508, -6590,1
2463, -6325, -9013,1
2464, -8120,-11334,1
2465, -9888,-13532,1
2466,-11624,-15987,1
2467,-13320,-17870,1
2468,-14973,-19264,1
2469,-16576,-20869,1
2470,-18124,-22321,1
2471,-19613,-23376,1
2472,-21036,-24341,1
2473,-22389,-25220,1
2474,-23668,-26019,1
2475,-24868,-26568,1
2476,-25986,-27237,1
2477,-27018,-27695,1
2478,-27960,-27981,1
2479,-28810,-28382,1
2480,-29564,-28632,1
2481,-30220,-28869,1
2482,-30775,-29092,1
2483,-31229,-29200,1
2484,-31579,-29304,1
2485,-31824,-29405,1
2486,-31964,-29405,1
2487,-31998,-29405,1
2488,-31925,-29405,1
2489,-31747,-29405,1
2490,-31464,-29304,1
2491,-31076,-29200,1
2492,-30585,-28982,1
2493,-29993,-28752,1
2494,-29301,-28509,1
2495,-28512,-28252,1
2496,-27628,-27840,1
2497,-26653,-27546,1
2498,-25589,-26911,1
2499,-24441,-26389,1
2500,-23211,-25827,1
2501,-21905,-25008,1
2502,-20526,-24108,1
2503,-19079,-22860,1
2504,-17568,-21758,1
2505,-16000,-20246,1
2506,-14378,-18925,1
2507,-12708,-17135,1
2508,-10997,-15192,1
2509, -9249,-13103,1
2510, -7470,-10419,1
2511, -5666, -8055,1
2512, -3844, -5598,1
2513, -2009, -2564,1
2514,  -167,     0,1
2515,  1674,  2053,1
2516,  3511,  5098,1
2517,  5336,  7570,1
2518,  7143,  9955,1
2519,  8927, 12669,1
2520, 10681, 14786,1
2521, 12400, 16759,1
2522, 14078, 18579,1
2523, 15708, 20246,1
2524, 17287, 21468,1
2525, 18809, 22860,1
2526, 20268, 23870,1
2527, 21660, 24791,1
2528, 22980, 25629,1
2529, 24223, 26206,1
2530, 25387, 26911,1
2531, 26466, 27394,1
2532, 27458, 27840,1
2533, 28358, 28252,1
2534, 29164, 28509,1
2535, 29874, 28752,1
2536, 30485, 28982,1
2537, 30994, 29092,1
2538, 31401, 29200,1
2539, 31703, 29304,1
2540, 31901, 29405,1
2541, 31992, 29405,1
2542, 31978, 29405,1
2543, 31857, 29405,1
2544, 31631, 29304,1
2545, 31300, 29200,1
2546, 30865, 29092,1
2547, 30328, 28869,1
2548, 29690, 28632,1
2549, 28954, 28382,1
2550, 28122, 28118,1
2551, 27196, 27695,1
2552, 26180, 27237,1
2553, 25078, 26741,1
2554, 23892, 26019,1
2555, 22627, 25427,1
2556, 21287, 24569,1
2557, 19876, 23626,1
2558, 18400, 22321,1
2559, 16862, 21171,1
2560, 15269, 19598,1
2561, 13624, 17870,1
2562, 11935, 15987,1
2563, 10206, 13956,1
2564,  8443, 11784,1
2565,  6653,  9486,1
2566,  4840,  7082,1
2567,  3011,  4090,1
2568,  1172,  1540,1
2569,  -670,  -513,1
2570, -2510, -3583,1
2571, -4342, -6096,1
2572, -6160, -9013,1
2573, -7958,-11334,1
2574, -9729,-13532,1
2575,-11467,-15593,1
2576,-13168,-17505,1
2577,-14825,-19264,1
2578,-16433,-20869,1
2579,-17986,-22042,1
2580,-19480,-23376,1
2581,-20909,-24341,1
2582,-22269,-25220,1
2583,-23555,-26019,1
2584,-24762,-26568,1
2585,-25888,-27076,1
2586,-26928,-27546,1
2587,-27878,-27981,1
2588,-28736,-28382,1
2589,-29499,-28632,1
2590,-30164,-28869,1
2591,-30729,-29092,1
2592,-31192,-29200,1
2593,-31551,-29304,1
2594,-31806,-29405,1
2595,-31956,-29405,1
2596,-31999,-29405,1
2597,-31936,-29405,1
2598,-31768,-29405,1
2599,-31494,-29304,1
2600,-31115,-29200,1
2601,-30634,-28982,1
2602,-30051,-28869,1
2603,-29368,-28632,1
2604,-28587,-28252,1
2605,-27712,-27981,1
2606,-26745,-27546,1
2607,-25690,-27076,1
2608,-24549,-26389,1
2609,-23326,-25827,1
2610,-22027,-25008,1
2611,-20654,-24108,1
2612,-19213,-23121,1
2613,-17708,-21758,1
2614,-16144,-20560,1
2615,-14527,-18925,1
2616,-12862,-17135,1
2617,-11154,-15192,1
2618, -9409,-13103,1
2619, -7633,-10879,1
2620, -5831, -8536,1
2621, -4010, -5598,1
2622, -2176, -3074,1
2623,  -335,     0,1
2624,  1507,  2053,1
2625,  3344,  4595,1
2626,  5171,  7570,1
2627,  6980,  9955,1
2628,  8766, 12229,1
2629, 10523, 14374,1
2630, 12245, 16376,1
2631, 13927, 18228,1
2632, 15562, 19925,1
2633, 17146, 21468,1
2634, 18673, 22593,1
2635, 20138, 23626,1
2636, 21536, 24791,1
2637, 22863, 25427,1
2638, 24114, 26206,1
2639, 25284, 26911,1
2640, 26372, 27394,1
2641, 27371, 27840,1
2642, 28280, 28118,1
2643, 29095, 28509,1
2644, 29814, 28752,1
2645, 30433, 28982,1
2646, 30952, 29092,1
2647, 31368, 29200,1
2648, 31680, 29304,1
2649, 31887, 29405,1
2650, 31989, 29405,1
2651, 31984, 29405,1
2652, 31873, 29405,1
2653, 31656, 29304,1
2654, 31335, 29200,1
2655, 30909, 29092,1
2656, 30381, 28982,1
2657, 29752, 28752,1
2658, 29025, 28509,1
2659, 28201, 28118,1
2660, 27284, 27695,1
2661, 26276, 27237,1
2662, 25181, 26741,1
2663, 24003, 26206,1
2664, 22745, 25427,1
2665, 21412, 24569,1
2666, 20007, 23626,1
2667, 18537, 22593,1
2668, 17004, 21171,1
2669, 15416, 19925,1
2670, 13776, 18228,1
2671, 12090, 16376,1
2672, 10365, 14374,1
2673,  8605, 12229,1
2674,  6816,  9486,1
2675,  5005,  7082,1
2676,  3178,  4595,1
2677,  1340,  1540,1
2678,  -502,  -513,1
2679, -2343, -3074,1
2680, -4176, -6096,1
2681, -5996, -8536,1
2682, -7795,-10879,1
2683, -9569,-13532,1
2684,-11311,-15593,1
2685,-13015,-17505,1
2686,-14676,-18925,1
2687,-16289,-20560,1
2688,-17847,-22042,1
2689,-19347,-23121,1
2690,-20782,-24108,1
2691,-22148,-25008,1
2692,-23441,-25827,1
2693,-24656,-26568,1
2694,-25789,-27076,1
2695,-26837,-27546,1
2696,-27796,-27981,1
2697,-28662,-28252,1
2698,-29434,-28632,1
2699,-30108,-28869,1
2700,-30682,-28982,1
2701,-31154,-29200,1
2702,-31523,-29304,1
2703,-31787,-29405,1
2704,-31946,-29405,1
2705,-31999,-29405,1
2706,-31946,-29405,1
2707,-31787,-29405,1
2708,-31523,-29304,1
2709,-31154,-29200,1
2710,-30682,-28982,1
2711,-30108,-28869,1
2712,-29434,-28632,1
2713,-28662,-28252,1
2714,-27796,-27981,1
2715,-26837,-27546,1
2716,-25789,-27076,1
2717,-24656,-26568,1
2718,-23441,-25827,1
2719,-22148,-25008,1
2720,-20782,-24108,1
2721,-19347,-23121,1
2722,-17847,-22042,1
2723,-16289,-20560,1
2724,-14676,-18925,1
2725,-13015,-17505,1
2726,-11311,-15593,1
2727, -9569,-13532,1
2728, -7795,-10879,1
2729, -5996, -8536,1
2730, -4176, -6096,1
2731, -2343, -3074,1
2732,  -502,  -513,1
2733,  1340,  1540,1
2734,  3178,  4595,1
2735,  5005,  7082,1
2736,  6816,  9486,1
2737,  8605, 12229,1
2738, 10365, 14374,1
2739, 12090, 16376,1
2740, 13776, 18228,1
2741, 15416, 19925,1
2742, 17004, 21171,1
2743, 18536, 22593,1
2744, 20007, 23626,1
2745, 21412, 24569,1
2746, 22745, 25427,1
2747, 24003, 26206,1
2748, 25181, 26741,1
2749, 26276, 27237,1
2750, 27284, 27695,1
2751, 28201, 28118,1
2752, 29025, 28509,1
2753, 29752, 28752,1
2754, 30381, 28982,1
2755, 30909, 29092,1
2756, 31335, 29200,1
2757, 31656, 29304,1
2758, 31873, 29405,1
2759, 31984, 29405,1
2760, 31989, 29405,1
2761, 31887, 29405,1
2762, 31680, 29304,1
2763, 31368, 29200,1
2764, 30952, 29092,1
2765, 30433, 28982,1
2766, 29814, 28752,1
2767, 29095, 28509,1
2768, 28280, 28118,1
2769, 27371, 27840,1
2770, 26372, 27394,1
2771, 25284, 26911,1
2772, 24114, 26206,1
2773, 22863, 25427,1
2774, 21536, 24791,1
2775, 20138, 23626,1
2776, 18673, 22593,1
2777, 17146, 21468,1
2778, 15562, 19925,1
2779, 13927, 18228,1
2780, 12245, 16376,1
2781, 10523, 14374,1
2782,  8766, 12229,1
2783,  6980,  9955,1
2784,  5171,  7570,1
2785,  3344,  4595,1
2786,  1507,  2053,1
2787,  -335,     0,1
2788, -2176, -3074,1
2789, -4010, -5598,1
2790, -5831, -8536,1
2791, -7633,-10879,1
2792, -9409,-13103,1
2793,-11154,-15192,1
2794,-12862,-17135,1
2795,-14527,-18925,1
2796,-16144,-20560,1
2797,-17708,-21758,1
2798,-19213,-23121,1
2799,-20654,-24108,1
2800,-22027,-25008,1
2801,-23326,-25827,1
2802,-24549,-26389,1
2803,-25690,-27076,1
2804,-26745,-27546,1
2805,-27712,-27981,1
2806,-28587,-28252,1
2807,-29368,-28632,1
2808,-30051,-28869,1
2809,-30634,-28982,1
2810,-31115,-29200,1
2811,-31494,-29304,1
2812,-31768,-29405,1
2813,-31936,-29405,1
2814,-31999,-29405,1
2815,-31956,-29405,1
2816,-31806,-29405,1
2817,-31551,-29304,1
2818,-31192,-29200,1
2819,-30729,-29092,1
2820,-30164,-28869,1
2821,-29499,-28632,1
2822,-28736,-28382,1
2823,-27878,-27981,1
2824,-26928,-27546,1
2825,-25888,-27076,1
2826,-24762,-26568,1
2827,-23555,-26019,1
2828,-22269,-25220,1
2829,-20909,-24341,1
2830,-19480,-23376,1
2831,-17986,-22042,1
2832,-16433,-20869,1
2833,-14825,-19264,1
2834,-13168,-17505,1
2835,-11467,-15593,1
2836, -9729,-13532,1
2837, -7958,-11334,1
2838, -6160, -9013,1
2839, -4342, -6096,1
2840, -2510, -3583,1
2841,  -670,  -513,1
2842,  1172,  1540,1
2843,  3011,  4090,1
2844,  4840,  7082,1
2845,  6653,  9486,1
2846,  8443, 11784,1
2847, 10206, 13956,1
2848, 11935, 15987,1
2849, 13624, 17870,1
2850, 15269, 19598,1
2851, 16862, 21171,1
2852, 18400, 22321,1
2853, 19876, 23626,1
2854, 21287, 24569,1
2855, 22627, 25427,1
2856, 23892, 26019,1
2857, 25078, 26741,1
2858, 26180, 27237,1
2859, 27196, 27695,1
2860, 28122, 28118,1
2861, 28954, 28382,1
2862, 29690, 28632,1
2863, 30328, 28869,1
2864, 30865, 29092,1
2865, 31300, 29200,1
2866, 31631, 29304,1
2867, 31857, 29405,1
2868, 31978, 29405,1
2869, 31992, 29405,1
2870, 31901, 29405,1
2871, 31703, 29304,1
2872, 31401, 29200,1
2873, 30994, 29092,1
2874, 30485, 28982,1
2875, 29874, 28752,1
2876, 29164, 28509,1
2877, 28358, 28252,1
2878, 27458, 27840,1
2879, 26466, 27394,1
2880, 25387, 26911,1
2881, 24223, 26206,1
2882, 22980, 25629,1
2883, 21660, 24791,1
2884, 20268, 23870,1
2885, 18809, 22860,1
2886, 17287, 21468,1
2887, 15708, 20246,1
2888, 14078, 18579,1
2889, 12400, 16759,1
2890, 10681, 14786,1
2891,  8927, 12669,1
2892,  7144,  9955,1
2893,  5336,  7570,1
2894,  3511,  5098,1
2895,  1674,  2053,1
2896,  -167,     0,1
2897, -2009, -2564,1
2898, -3844, -5598,1
2899, -5666, -8055,1
2900, -7470,-10419,1
2901, -9249,-13103,1
2902,-10997,-15192,1
2903,-12708,-17135,1
2904,-14378,-18925,1
2905,-15999,-20246,1
2906,-17568,-21758,1
2907,-19079,-22860,1
2908,-20526,-24108,1
2909,-21905,-25008,1
2910,-23211,-25827,1
2911,-24441,-26389,1
2912,-25589,-26911,1
2913,-26653,-27546,1
2914,-27628,-27840,1
2915,-28512,-28252,1
2916,-29301,-28509,1
2917,-29993,-28752,1
2918,-30585,-28982,1
2919,-31076,-29200,1
2920,-31464,-29304,1
2921,-31747,-29405,1
2922,-31925,-29405,1
2923,-31998,-29405,1
2924,-31964,-29405,1
2925,-31824,-29405,1
2926,-31579,-29304,1
2927,-31229,-29200,1
2928,-30775,-29092,1
2929,-30220,-28869,1
2930,-29564,-28632,1
2931,-28810,-28382,1
2932,-27960,-27981,1
2933,-27018,-27695,1
2934,-25986,-27237,1
2935,-24868,-26568,1
2936,-23668,-26019,1
2937,-22389,-25220,1
2938,-21036,-24341,1
2939,-19613,-23376,1
2940,-18125,-22321,1
2941,-16576,-20869,1
2942,-14973,-19264,1
2943,-13320,-17870,1
2944,-11624,-15987,1
2945, -9888,-13532,1
2946, -8120,-11334,1
2947, -6325, -9013,1
2948, -4508, -6590,1
2949, -2677, -3583,1
2950,  -837, -1027,1
2951,  1005,  1027,1
2952,  2844,  4090,1
2953,  4674,  6590,1
2954,  6489,  9486,1
2955,  8282, 11784,1
2956, 10047, 13956,1
2957, 11779, 15987,1
2958, 13473, 17870,1
2959, 15121, 19598,1
2960, 16719, 20869,1
2961, 18262, 22321,1
2962, 19745, 23376,1
2963, 21161, 24341,1
2964, 22508, 25220,1
2965, 23780, 26019,1
2966, 24973, 26741,1
2967, 26084, 27237,1
2968, 27107, 27695,1
2969, 28041, 28118,1
2970, 28882, 28382,1
2971, 29627, 28632,1
2972, 30274, 28869,1
2973, 30821, 29092,1
2974, 31265, 29200,1
2975, 31606, 29304,1
2976, 31841, 29405,1
2977, 31971, 29405,1
2978, 31996, 29405,1
2979, 31914, 29405,1
2980, 31726, 29304,1
2981, 31433, 29304,1
2982, 31035, 29092,1
2983, 30535, 28982,1
2984, 29934, 28752,1
2985, 29233, 28509,1
2986, 28435, 28252,1
2987, 27543, 27840,1
2988, 26560, 27394,1
2989, 25488, 26911,1
2990, 24332, 26389,1
2991, 23096, 25629,1
2992, 21783, 24791,1
2993, 20397, 23870,1
2994, 18944, 22860,1
2995, 17428, 21758,1
2996, 15854, 20246,1
2997, 14228, 18579,1
2998, 12554, 16759,1
2999, 10839, 14786,1
3000,  9088, 12669,1
3000,  7307, 10419,1
3000,  5501,  8055,1
3000,  3677,  5098,1
3000,  1842,  2564,1
3000,     0,     0,1
3000,     0,     0,1
3000,     0,     0,1
3000,     0,     0,1
3000,     0,     0,1
3000,     0,     0,1
3000,     0,     0,1
3000,     0,     0,1
3000,     0,     0,1
3000,     0,     0,1
3000,     0,     0,1
3000,     0,     0,1
3000,     0,     0,1
3000,     0,     0,1
3000,     0,     0,1
